"idlinha";"nome";"codigo";"tipo"
114633;"HOSPITAL CONCEICAO-IGUATEMI";"60.21-2";"L"
114632;"HOSPITAL CONCEICAO-IGUATEMI";"60.21-1";"L"
114631;"HOSPITAL CONCEICAO-VILA IPIRANGA";"60.2-2";"L"
114630;"HOSPITAL CONCEICAO-VILA IPIRANGA";"60.2-1";"L"
114629;"SARANDI/ASSIS BRASIL";"60.1-2";"L"
114628;"SARANDI/ASSIS BRASIL";"60.1-1";"L"
114627;"HIGIENOPOLIS-HOSPITAL MILITAR";"50.81-2";"L"
114626;"HIGIENOPOLIS-HOSPITAL MILITAR";"50.81-1";"L"
114625;"HIGIENOPOLIS - BENJAMIN CONSTANT";"50.8-2";"L"
114624;"HIGIENOPOLIS - BENJAMIN CONSTANT";"50.8-1";"L"
114623;"GUERINO/LINDÓIA/AUXILIADORA";"50.61-1";"L"
114622;"GUERINO/LINDÓIA";"50.6-2";"L"
114621;"GUERINO/LINDÓIA";"50.6-1";"L"
114620;"MONSERRAT - IPA";"50.31-2";"L"
114619;"MONSERRAT - IPA";"50.31-1";"L"
114618;"MONTSERRAT-ANITA";"50.3-2";"L"
114617;"MONTSERRAT-ANITA";"50.3-1";"L"
114616;"IAPI - AUXILIADORA";"50.2-1";"L"
114615;"AUXILIADORA - ANITA";"50.11-1";"L"
114614;"AUXILIADORA";"50.1-1";"L"
114613;"CHACARA DAS PEDRAS/3 FIGUEIRAS";"40.51-2";"L"
114612;"CHACARA DAS PEDRAS/3 FIGUEIRAS";"40.51-1";"L"
114611;"CHACARA DAS PEDRAS - PAINEIRA";"40.5-2";"L"
114610;"CHACARA DAS PEDRAS - PAINEIRA";"40.5-1";"L"
114609;"PETROPOLIS / FAPA";"40.41-2";"L"
114608;"PETROPOLIS / FAPA";"40.41-1";"L"
114607;"PETROPOLIS/SESC";"40.4-2";"L"
114606;"PETROPOLIS/SESC";"40.4-1";"L"
114605;"JOAO ABOTT";"40.2-2";"L"
114604;"JOAO ABOTT";"40.2-1";"L"
114603;"SANTANA/SÁBADOS";"30.31-1";"L"
114602;"SANTANA/SÁBADOS";"30.31-2";"L"
114601;"SANTANA";"30.3-2";"L"
114600;"SANTANA";"30.3-1";"L"
114599;"PARTENON/PINHEIRO/CAMPUS";"30.21-2";"L"
114598;"PARTENON/PINHEIRO/CAMPUS";"30.21-1";"L"
114597;"PARTENON/PINHEIRO";"30.2-2";"L"
114596;"PARTENON/PINHEIRO";"30.2-1";"L"
114595;"CANAL 10 VIA APARÍCIO BORGES/ANTONIO RIBEIRO";"30.11-2";"L"
114594;"CANAL 10 VIA APARÍCIO BORGES/ANTONIO RIBEIRO";"30.11-1";"L"
114593;"CANAL 10 VIA APARÍCIO BORGES";"30.1-2";"L"
114592;"CANAL 10 VIA APARÍCIO BORGES";"30.1-1";"L"
114591;"GLORIA";"20.6-2";"L"
114590;"GLORIA";"20.6-1";"L"
114589;"ALTO TERESOPOLIS - VIA PRAIA DE BELAS";"20.5-2";"L"
114588;"ALTO TERESOPOLIS - VIA PRAIA DE BELAS";"20.5-1";"L"
114587;"VILA NOVA - PRAIA DE BELAS";"20.4-2";"L"
114586;"VILA NOVA - PRAIA DE BELAS";"20.4-1";"L"
114585;"OTTO/TERESÓPOLIS";"20.2-2";"L"
114584;"OTTO/TERESÓPOLIS";"20.2-1";"L"
114583;"MEDIANEIRA / MORRO SAO CAETANO";"20.11-2";"L"
114582;"MEDIANEIRA / MORRO SAO CAETANO";"20.11-1";"L"
114581;"MEDIANEIRA";"20.1-2";"L"
114580;"MEDIANEIRA";"20.1-1";"L"
114579;"GUARUJA - CAVALHADA";"10.51-2";"L"
114578;"GUARUJA - CAVALHADA";"10.51-1";"L"
114577;"GUARUJA - WENCESLAU ESCOBAR";"10.5-2";"L"
114576;"GUARUJA - WENCESLAU ESCOBAR";"10.5-1";"L"
114575;"IPANEMA/JARDIM ISABEL";"10.41-2";"L"
114574;"IPANEMA/JARDIM ISABEL";"10.41-1";"L"
114573;"IPANEMA";"10.4-2";"L"
114572;"IPANEMA";"10.4-1";"L"
114571;"CRISTAL/OTTO NIEMEYER";"10.3-2";"L"
114570;"CRISTAL/OTTO NIEMEYER";"10.3-1";"L"
114569;"TRISTEZA/ASSUNÇÃO";"10.1-2";"L"
114568;"TRISTEZA/ASSUNÇÃO";"10.1-1";"L"
114567;"RIO BRANCO - INDEPENDENCIA";"05.11-2";"L"
114566;"RIO BRANCO - INDEPENDENCIA";"05.11-1";"L"
114565;"RIO BRANCO/VIA IPA";"05.1-2";"L"
114564;"RIO BRANCO/VIA IPA";"05.1-1";"L"
114563;"JARDIM BOTANICO/JARDIM DO SALSO";"03.3-1";"L"
114562;"IPIRANGA/PUC-OSVALDO ARANHA";"03.11-2";"L"
114561;"IPIRANGA/PUC-OSVALDO ARANHA";"03.11-1";"L"
114560;"IPIRANGA/ PUC - BORGES";"03.1-2";"L"
114559;"IPIRANGA/ PUC - BORGES";"03.1-1";"L"
114558;"MENINO DEUS/ VIA JOSE DO PATROCINIO";"02.11-2";"L"
114557;"MENINO DEUS/ VIA JOSE DO PATROCINIO";"02.11-1";"L"
114556;"MENINO DEUS";"02.1-2";"L"
114555;"MENINO DEUS";"02.1-1";"L"
114634;"PARQUE HUMAITA";"60.4-1";"L"
114635;"PARQUE HUMAITA";"60.4-2";"L"
114636;"JARDIM DONA LEOPOLDINA-ASSIS BRASIL";"60.5-1";"L"
114637;"JARDIM DONA LEOPOLDINA-ASSIS BRASIL";"60.5-2";"L"
114638;"PARQUE DOS MAIAS/ASSIS BRASIL";"60.6-1";"L"
114639;"PARQUE DOS MAIAS/ASSIS BRASIL";"60.6-2";"L"
114640;"MADRUGADÃO OTTO/TERESÓPOLIS";"M20.2-1";"L"
114641;"MADRUGADÃO OTTO/TERESÓPOLIS";"M20.2-2";"L"
114642;"MADRUGADÃO/PARTENON/PINHEIRO";"M30.2-1";"L"
114643;"MADRUGADÃO/PARTENON/PINHEIRO";"M30.2-2";"L"
114644;"MADRUGADÃO/PARTENON/PINHEIRO/CAMPUS";"M30.21-1";"L"
114645;"MADRUGADÃO/PARTENON/PINHEIRO/CAMPUS";"M30.21-2";"L"
114646;"GLORIA - A PARTIR DAS 21H";"20.61-2";"L"
114647;"GLORIA - A PARTIR DAS 21H";"20.61-1";"L"
114648;"PARQUE HUMAIT - MADRUGADAO";"M60.3-1";"L"
114649;"PARQUE HUMAIT - MADRUGADAO";"M60.3-2";"L"
114650;"J.D.LEOPOLDINA/A.BRASIL-MADRUGADAO";"M60.4-1";"L"
114651;"J.D.LEOPOLDINA/A.BRASIL-MADRUGADAO";"M60.4-2";"L"
114652;"SARANDI/EVENTOS FIERGS";"E60.1-1";"L"
114653;"SARANDI/EVENTOS FIERGS";"E60.1-2";"L"
114654;"SARANDI/MADRUGADAO";"M60.1-1";"L"
114655;"SARANDI/MADRUGADAO";"M60.1-2";"L"
114656;"MEDIANEIRA/NONOAI";"20.12-1";"L"
114657;"MEDIANEIRA/NONOAI";"20.12-2";"L"
114658;"GLORIA/EVENTOS AMPARO STA CRUZ";"E20.6-1";"L"
114659;"GLORIA/EVENTOS AMPARO STA CRUZ";"E20.6-2";"L"
114660;"GUARUJÁ/WENCESLAU ESCOBAR/DIÁRIO DE NOTÍCIAS";"10.52-1";"L"
114661;"GUARUJÁ/WENCESLAU ESCOBAR/DIÁRIO DE NOTÍCIAS";"10.52-2";"L"
128494;"GREVE T1";"GT1-2";"O"
128493;"GREVE T1";"GT1-1";"O"
128492;"GREVE 510";"G5101-2";"O"
128491;"GREVE 510";"G5101-1";"O"
128490;"GREVE 343";"G3431-2";"O"
128489;"GREVE 343";"G3431-1";"O"
128488;"TRANSVERSAL 2/ARENA";"T23-2";"O"
128487;"TRANSVERSAL 2/ARENA";"T23-1";"O"
128486;"PRADO";"264-1";"O"
128485;"LIBERAL (RETORNO ESCOLA)";"1861-2";"O"
128484;"ESCOLA TECNICA RESTINGA/HOSPITAL";"A15-1";"O"
128483;"TERMINAL ANTONIO DE CARVALHO/3 PERIMETRAL";"T11A-1";"O"
128482;"ALIMENTADORA ESCOLAR A1";"A1-2";"O"
128481;"ALIMENTADORA ESCOLAR A2";"A2-1";"O"
128480;"ALIMENTADORA ESCOLAR A2";"A2-2";"O"
128479;"ALIMENTADORA ESCOLAR A1";"A1-1";"O"
128478;"TRIANGULO/24 DE OUTUBRO/IPA";"5202-1";"O"
128477;"HIPICA/COSTA GAMA VIA OSCAR P. ATE TERM. AZENHA";"2725-2";"O"
128476;"HIPICA/COSTA GAMA VIA OSCAR P. ATE TERM. AZENHA";"2725-1";"O"
128475;"ALAGAMENTO TRENSURB 1/CARRIS";"LE1-2";"O"
128474;"ALAGAMENTO TRENSURB 1/CARRIS";"LE1-1";"O"
128473;"PASSO DAS PEDRAS ATE TRIANGULO (CONORTE)";"6562-2";"O"
128472;"PASSO DAS PEDRAS ATE TRIANGULO (CONORTE)";"6562-1";"O"
128471;"CANUDOS VIA OSCAR PEREIRA ATE TERM. AZENHA";"2542-1";"O"
128470;"CANUDOS VIA OSCAR PEREIRA ATE TERM. AZENHA";"2542-2";"O"
128469;"ALAGAMENTO TRENSURB 43/UNIBUS";"LE43-1";"O"
128468;"ALAGAMENTO TRENSURB 43/UNIBUS";"LE43-2";"O"
128467;"ALAGAMENTO TRENSURB 23/UNIBUS";"LE23-1";"O"
128466;"ALAGAMENTO TRENSURB 23/UNIBUS";"LE23-2";"O"
128465;"ALAGAMENTO TRENSURB 42/STS";"LE42-1";"O"
128464;"ALAGAMENTO TRENSURB 42/STS";"LE42-2";"O"
128463;"ALAGAMENTO TRENSURB 2/CONORTE";"LE2-1";"O"
128462;"ALAGAMENTO TRENSURB 2/CONORTE";"LE2-2";"O"
128461;"ALAGAMENTO TRENSURB 41/CARRIS";"LE41-1";"O"
128460;"ALAGAMENTO TRENSURB 41/CARRIS";"LE41-2";"O"
128459;"ALAGAMENTO TRENSURB 22/STS";"LE22-1";"O"
128458;"ALAGAMENTO TRENSURB 22/STS";"LE22-2";"O"
128457;"GRUTINHA VIA AMAPA";"2701-2";"O"
128456;"GRUTINHA VIA AMAPA";"2701-1";"O"
128455;"ALIMENTADORA BONSUCESSO/PARADA 13";"A321-1";"O"
128454;"PASSO DAS PEDRAS/FAPA/NAVEGANTES";"6569-1";"O"
128453;"CIRCULAR BALADA SEGURA";"C4-1";"O"
128452;"PARQUE DOS MAIAS/NAVEGANTES";"6319-1";"O"
128451;"CARLOS GOMES/SALSO - DOM/FER";"6712-2";"O"
128450;"CARLOS GOMES/SALSO - DOM/FER";"6712-1";"O"
128449;"PROTASIO/CAIRU";"855-2";"O"
128448;"PROTASIO/CAIRU";"855-1";"O"
128447;"B. VELHO(S.FRANCISO)/RINCAO/BETAO ATE AZENHA";"2843-2";"O"
128446;"B. VELHO(S.FRANCISO)/RINCAO/BETAO ATE AZENHA";"2843-1";"O"
128445;"P. DA BATALHA/QUIRINAS/CIRCULAR/ESCOLAR";"A992-1";"O"
128444;"PROBLEMA TRENSURB(CARRIS)";"LTR5-2";"O"
128443;"PROBLEMA TRENSURB(CARRIS)";"LTR5-1";"O"
128442;"PROBLEMA TRENSURB(CONORTE)";"LTR6-2";"O"
128441;"PROBLEMA TRENSURB(CONORTE)";"LTR6-1";"O"
128440;"QUINTA DO PORTAL/ALIMENTADORA/ESCOLAR";"A941-1";"O"
128439;"TRANSVERSAL 2/DOMINGOS";"T22-2";"O"
128438;"TRANSVERSAL 2 (P AZURENHA/POSTAO)/DOMINGOS";"T2A2-1";"O"
128437;"TRANSVERSAL 2 (P AZURENHA/POSTAO)/DOMINGOS";"T2A2-2";"O"
128436;"GREVE GERAL TRENSURB (CARRIS)";"LTR8-1";"O"
128435;"GREVE GERAL TRENSURB (CARRIS)";"LTR8-2";"O"
128434;"INDUSTRIAS/SEVERO DULLIUS";"7051-1";"O"
128433;"PARQUE DOS MAIAS/SERTORIO/DOMINGOS/FERIADOS";"7312-1";"O"
128432;"PASSO DAS PEDRAS/CAIRU";"856-2";"O"
128431;"PASSO DAS PEDRAS/CAIRU";"856-1";"O"
128430;"GREVE T11";"GT11-2";"O"
128429;"GREVE T11";"GT11-1";"O"
128428;"ALIMENTADORA/B. NOVO/ECO CLEAN";"A692-2";"O"
128427;"ALIMENTADORA/B. NOVO/ECO CLEAN";"A692-1";"O"
128426;"PARQUE/H CONCEICAO/POSTAO IAPI";"B511-1";"O"
128425;"PARQUE / POSTAO IAPI/H CONCEICAO";"B51-1";"O"
128424;"ALIMENTADORA MAPA/QUINTA DO PORTAL";"A943-1";"O"
128423;"WENCESLAU FONTOURA  (ALIMENTADORA)";"A62-1";"O"
128422;"ALIMENTADORA J.P. ALVES/ESCOLAR/VOLTA";"A972-1";"O"
128421;"ALIMENTADORA J. P. ALVES/ESCOLAR/IDA";"A971-1";"O"
128420;"ALIMENTADORA JARDIM PROTASIO ALVES";"A97-1";"O"
128419;"ALIMENTADORA/PITINGA/ESCOLAR";"A143-2";"O"
128418;"ALIMENTADORA/PITINGA/ESCOLAR";"A143-1";"O"
128417;"ALIMENTADORA PITINGA/PARADA 21";"A142-1";"O"
128416;"ALIMENTADORA WENCESLAU FONTOURA/ESCOLAR";"A621-1";"O"
128415;"ALIMENTADORA CANTA GALO/EXTREMA";"A74-2";"O"
128414;"ALIMENTADORA CANTA GALO/EXTREMA";"A74-1";"O"
128413;"ALIMENTADORA EXTREMA";"A70-2";"O"
128412;"ALIMENTADORA EXTREMA";"A70-1";"O"
128411;"SARANDI / CAIRU";"815-2";"O"
128410;"SARANDI / CAIRU";"815-1";"O"
128409;"ALIMENTADORA MORRO DA CRUZ";"A46-1";"O"
128408;"ALIM. JARDIM BENTO GONÃALVES/INTEGRAÃÃO";"A348-1";"O"
128407;"ALIMENTADORA IPÃ/INTEGRAÃÃO";"A360-1";"O"
128406;"QUINTA DO PORTAL/ALIMENTADORA/ESCOLAR";"A941-2";"O"
128405;"ALIM./5Âª PORTAL/CH.PÃRAS/RETORNO ESCOLAR";"A944-1";"O"
128404;"ALIMENTADORA/CH PERAS/QUINTA PORTAL";"A942-1";"O"
128403;"CHÃCARA DAS PÃRAS/ALIMENTADORA";"A94-1";"O"
128402;"ALIMENTADORA BELÃM VELHO";"A861-2";"O"
128401;"ALIMENTADORA BELÃM VELHO";"A861-1";"O"
128400;"ALIMENTADORA B.VELHO/S.FCO/RINCAO/BETAO";"A841-2";"O"
128399;"ALIMENTADORA B.VELHO/S.FCO/RINCAO/BETAO";"A841-1";"O"
128398;"ESCOLAR";"A28-2";"O"
128397;"ESCOLAR";"A28-1";"O"
128396;"ANFITEATRO PÃR DO SOL";"E17-2";"O"
128395;"ANFITEATRO PÃR DO SOL";"E17-1";"O"
128394;"CIRCULAR CENTRO/ELEIÃÃES";"C12-1";"O"
128393;"CIRCULAR CENTRO/SÃBADOS";"C11-1";"O"
128392;"CIRCULAR CENTRO";"C1-1";"O"
128391;"ALIMENTADORA NAVEGANTES UNIBUS";"A03-1";"O"
128390;"ALIMENTADORA NAVEGANTES STS";"A02-1";"O"
128389;"LINHA TURISMO";"LT01-1";"O"
128388;"FUTEBOL-OLIMPICO/BEIRA-RIO";"F994-2";"O"
128387;"FUTEBOL-OLIMPICO/BEIRA-RIO";"F994-1";"O"
128386;"FUTEBOL BEIRA RIO";"F993-2";"O"
128385;"FUTEBOL BEIRA RIO";"F993-1";"O"
128384;"FUTEBOL - OLIMPICO (CASCATINHA)";"F992-1";"O"
128383;"FUTEBOL - OLIMPICO (AZENHA)";"F991-1";"O"
128382;"FUTEBOL - OLIMPICO";"F99-2";"O"
128381;"FUTEBOL";"F98-2";"O"
128380;"FUTEBOL";"F98-1";"O"
128379;"EVENTUAL FESTIVAL BARES/SÃB/DOM/FERIADOS";"E36-1";"O"
128378;"EVENTUAL FESTIVAL BARES/SEXTA";"E34-1";"O"
128377;"EVENTUAL FESTIVAL BARES";"E3-1";"O"
128376;"CIRCULAR URCA/SABADOS/DOMINGOS/FERIADOS";"C31-1";"O"
128375;"CIRCULAR URCA";"C3-1";"O"
128374;"CIRCULAR PRACA XV";"C2-1";"O"
128373;"SAO MANOEL";"439-2";"O"
128372;"SAO MANOEL";"439-1";"O"
128371;"SANTANA/SABADOS/DOMINGOS/FERIADOS";"4381-2";"O"
128370;"SANTANA/SABADOS/DOMINGOS/FERIADOS";"4381-1";"O"
128369;"SANTANA";"438-2";"O"
128368;"SANTANA";"438-1";"O"
128367;"JARDIM IPE";"436-2";"O"
128366;"JARDIM IPE";"436-1";"O"
128365;"CEMITERIO";"297-2";"O"
128364;"CEMITERIO";"297-1";"O"
128363;"GLÃRIA/ELEIÃÃES";"2748-1";"O"
128362;"GLORIA/CASCATINHA/AZENHA";"2741-2";"O"
128361;"GLORIA/CASCATINHA/AZENHA";"2741-1";"O"
128360;"GLORIA/AZENHA/CASCATINHA";"274-2";"O"
128359;"GLORIA/AZENHA/CASCATINHA";"274-1";"O"
128358;"JARDIM MEDIANEIRA";"265-2";"O"
128357;"JARDIM MEDIANEIRA";"265-1";"O"
128356;"PAULINO AZURENHA/ELEIÃÃES";"2578-1";"O"
128355;"PAULINO AZURENHA/CASCATINHA/AZENHA";"2571-2";"O"
128354;"PAULINO AZURENHA/CASCATINHA/AZENHA";"2571-1";"O"
128353;"PAULINO AZURENHA/AZENHA/CASCATINHA";"257-2";"O"
128352;"PAULINO AZURENHA/AZENHA/CASCATINHA";"257-1";"O"
128351;"CALDRE FIAO/FESTA DE SANTO ANTONIO";"2551-2";"O"
128350;"CALDRE FIAO/FESTA DE SANTO ANTONIO";"2551-1";"O"
128349;"CALDRE FIAO";"255-2";"O"
128348;"CALDRE FIAO";"255-1";"O"
128347;"SANTA TERESA/VIA MARIANO DE MATOS";"2441-2";"O"
128346;"SANTA TERESA/VIA MARIANO DE MATOS";"2441-1";"O"
128345;"SANTA TERESA";"244-2";"O"
128344;"SANTA TERESA";"244-1";"O"
128343;"T V";"195-2";"O"
128342;"T V";"195-1";"O"
128341;"PRAIA DE BELAS";"178-2";"O"
128340;"PRAIA DE BELAS";"178-1";"O"
128339;"MENINO DEUS";"177-2";"O"
128338;"MENINO DEUS";"177-1";"O"
128337;"ALIMENTADORA IMPERIAL PARQUE";"A88-1";"O"
128336;"ALIMENTADORA 3 MENINAS";"A66-2";"O"
128335;"ALIMENTADORA 3 MENINAS";"A66-1";"O"
128334;"RÃPIDA CAMPO NOVO";"R81-2";"O"
128333;"ICARAÃ/ALTO TAQUARI/EVENTUAL CONCURSOS";"E149-2";"O"
128332;"ORFANOTROFIO/DIRETA";"D63-2";"O"
128331;"ICARAÃ/ALTO TAQUARI/EVENTUAL CONCURSOS";"E149-1";"O"
128330;"BENTO/TERMINAL ANTÃNIO DE CARVALHO";"341-2";"O"
128329;"BENTO/TERMINAL ANTÃNIO DE CARVALHO";"341-1";"O"
128328;"ALIMENTADORA QUINTA DO PORTAL/INTEGRAÃÃO";"A395-1";"O"
128327;"PUC";"T9-2";"O"
128326;"PUC";"T9-1";"O"
128325;"RAPIDA - CASCATINHA";"R22-2";"O"
128324;"RAPIDA - CASCATINHA";"R22-1";"O"
128323;"RAPIDA - OSCAR PEREIRA";"R21-2";"O"
128322;"RAPIDA - OSCAR PEREIRA";"R21-1";"O"
128321;"RAPIDA / JARDIM VILA NOVA";"R1-2";"O"
128320;"RAPIDA / JARDIM VILA NOVA";"R1-1";"O"
128319;"PETROPOLIS MADRUGADA (CIRCULAR)";"M76-1";"O"
128318;"EVENTUAL CONCURSOS FAPA";"E95-2";"O"
128317;"EVENTUAL CONCURSOS FAPA";"E95-1";"O"
128316;"EVENTUAL DOLORES DURAN-OBRAS";"E751-2";"O"
128315;"EVENTUAL DOLORES DURAN-OBRAS";"E751-1";"O"
128314;"ALIMENTADORA BELÃM VELHO/UFRGS";"A862-2";"O"
128313;"BELÃM VELHO/CAVALHADA";"A86-2";"O"
128312;"BELÃM VELHO/CAVALHADA";"A86-1";"O"
128311;"ALIM. B.VELHO/S.F./RINCÃO/CAVALHADA";"A842-2";"O"
128310;"ALIM. B.VELHO/S.F./RINCÃO/CAVALHADA";"A842-1";"O"
128309;"ALIM.B.VELHO/S.F/RINCAO/BETAO/CAVALHADA";"A84-2";"O"
128308;"ALIM.B.VELHO/S.F/RINCAO/BETAO/CAVALHADA";"A84-1";"O"
128307;"ALIMENTADORA JARDIM CASCATA";"A741-1";"O"
128306;"SANTA MARIA/III PERIMETRAL";"3442-1";"O"
128305;"SANTA MARIA/CLEMENTE PEREIRA";"3441-2";"O"
128304;"CARLOS GOMES / SALSO";"671-2";"O"
128303;"CARLOS GOMES / SALSO";"671-1";"O"
128302;"RIO BRANCO / ANITA";"525-2";"O"
128301;"RIO BRANCO / ANITA";"525-1";"O"
128300;"AUXILIADORA";"510-2";"O"
128299;"AUXILIADORA";"510-1";"O"
128298;"MANOEL ELIAS/CARLOS GOMES/ELEIÃÃES";"4958-2";"O"
128297;"MANOEL ELIAS/CARLOS GOMES/ELEIÃÃES";"4958-1";"O"
128296;"MANOEL ELIAS/MORRO SANTANA";"4951-2";"O"
128295;"MANOEL ELIAS/MORRO SANTANA";"4951-1";"O"
128294;"MANOEL ELIAS / PROTASIO";"495-2";"O"
128293;"MANOEL ELIAS / PROTASIO";"495-1";"O"
128292;"JARDIM YPU/PETRÃPOLIS";"4934-2";"O"
128291;"JARDIM YPU/PETRÃPOLIS";"4934-1";"O"
128290;"CIRCULAR JARDIM YPU/PETRÃPOLIS";"4933-1";"O"
128289;"JARDIM YPU / NILO RUSCHEL";"4932-2";"O"
128288;"JARDIM YPU / NILO RUSCHEL";"4932-1";"O"
128287;"JARDIM YPU / MAE APOLINARIA";"4931-1";"O"
128286;"JARDIM YPU";"493-2";"O"
128285;"JARDIM YPU";"493-1";"O"
128284;"PETROPOLIS/VILA MARGARITA";"4921-2";"O"
128283;"PETROPOLIS/VILA MARGARITA";"4921-1";"O"
128282;"PETROPOLIS / SESC";"492-2";"O"
128281;"PETROPOLIS / SESC";"492-1";"O"
128280;"MORRO SANTANA";"490-2";"O"
128279;"MORRO SANTANA";"490-1";"O"
128278;"BOM JESUS/CARLOS GOMES/ELEIÃÃES";"4708-2";"O"
128277;"BOM JESUS/CARLOS GOMES/ELEIÃÃES";"4708-1";"O"
128276;"BOM JESUS/MADRI";"470-2";"O"
128275;"BOM JESUS/MADRI";"470-1";"O"
128274;"ANTONIO DE CARVALHO";"441-2";"O"
128273;"ANTONIO DE CARVALHO";"441-1";"O"
128272;"VILA JARDIM";"433-2";"O"
128271;"VILA JARDIM";"433-1";"O"
128270;"CARLOS GOMES";"431-2";"O"
128269;"CARLOS GOMES";"431-1";"O"
128268;"BELA VISTA/ANITA VIA CARAZINHO/IJUÃ";"4302-2";"O"
128267;"BELA VISTA/ANITA VIA CARAZINHO/IJUÃ";"4302-1";"O"
128266;"BELA VISTA / ANITA";"430-2";"O"
128265;"BELA VISTA / ANITA";"430-1";"O"
128264;"PROTASIO/IGUATEMI/BECO DOS COQUEIROS";"4292-2";"O"
128263;"PROTASIO/IGUATEMI/BECO DOS COQUEIROS";"4292-1";"O"
128262;"PROTASIO/IGUATEMI/CANANEIA";"4291-2";"O"
128261;"PROTASIO/IGUATEMI/CANANEIA";"4291-1";"O"
128260;"PROTASIO / IGUATEMI";"429-2";"O"
128259;"PROTASIO / IGUATEMI";"429-1";"O"
128258;"JARDIM DA PAZ/FINADOS";"3989-2";"O"
128257;"JARDIM DA PAZ/FINADOS";"3989-1";"O"
128256;"QUINTA DO PORTAL/PARADA 06/ANTONIO DE CARVALHO";"3952-2";"O"
128255;"QUINTA DO PORTAL/PARADA 06/ANTONIO DE CARVALHO";"3952-1";"O"
128254;"QUINTA PORTAL/SALG. FILHO/PARADA 6";"3951-2";"O"
128253;"QUINTA PORTAL/SALG. FILHO/PARADA 6";"3951-1";"O"
128252;"QUINTA DO PORTAL/SALGADO FILHO";"395-2";"O"
128251;"QUINTA DO PORTAL/SALGADO FILHO";"395-1";"O"
128250;"MAPA/ANTONIO DE CARVALHO/ELEIÃÃES";"3948-1";"O"
128249;"MAPA VIA IPIRANGA/CIRCULAR NO BAIRRO";"3945-2";"O"
128248;"AZENHA/MAPA/QUINTA DO PORTAL";"3944-2";"O"
128247;"AZENHA/MAPA/QUINTA DO PORTAL";"3944-1";"O"
128246;"MAPA / VIA IPIRANGA";"3943-2";"O"
128245;"MAPA / VIA IPIRANGA";"3943-1";"O"
128244;"MAPA / ATE TERMINAL AZENHA";"3942-2";"O"
128243;"MAPA / ATE TERMINAL AZENHA";"3942-1";"O"
128242;"MAPA/QUINTA DO PORTAL/SABADO/DOMINGOS";"3941-2";"O"
128241;"MAPA/QUINTA DO PORTAL/SABADO/DOMINGOS";"3941-1";"O"
128240;"M A P A";"394-2";"O"
128239;"M A P A";"394-1";"O"
128238;"TRONCAL/BENTO/ELEIÃÃES";"3628-2";"O"
128237;"TRONCAL/BENTO/ELEIÃÃES";"3628-1";"O"
128236;"C E F E R";"361-2";"O"
128235;"C E F E R";"361-1";"O"
128234;"IPÃ/ANTONIO DE CARVALHO/ELEIÃÃES";"3608-2";"O"
128233;"IPÃ/ANTONIO DE CARVALHO/ELEIÃÃES";"3608-1";"O"
128232;"I P E";"360-2";"O"
128231;"I P E";"360-1";"O"
128230;"IPIRANGA / PUC";"353-2";"O"
128229;"IPIRANGA / PUC";"353-1";"O"
128228;"IGUATEMI I";"6171-1";"O"
128227;"TRANSVERSAL 2/DOMINGOS";"T22-1";"O"
128226;"SÃO CAETANO/SÃBADOS/DOMINGO/FERIADOS";"3491-2";"O"
128225;"SÃO CAETANO/SÃBADOS/DOMINGO/FERIADOS";"3491-1";"O"
128224;"SÃO CAETANO";"349-2";"O"
128223;"SÃO CAETANO";"349-1";"O"
128222;"JARDIM BENTO GONÃALVES/CIRCULAR NO BAIRRO";"3481-2";"O"
128221;"JARDIM BENTO GONCALVES";"348-2";"O"
128220;"JARDIM BENTO GONCALVES";"348-1";"O"
128219;"ALAMEDA/AZENHA/ELEIÃÃES";"3478-2";"O"
128218;"ALAMEDA/AZENHA/ELEIÃÃES";"3478-1";"O"
128217;"ALAMEDA";"347-2";"O"
128216;"ALAMEDA";"347-1";"O"
128215;"SÃO JOSÃ/AZENHA/ELEIÃÃES";"3468-2";"O"
128214;"SÃO JOSÃ/AZENHA/ELEIÃÃES";"3468-1";"O"
128213;"SAO JOSE";"346-2";"O"
128212;"SAO JOSE";"346-1";"O"
128211;"SANTA CATARINA";"345-2";"O"
128210;"SANTA CATARINA";"345-1";"O"
128209;"SANTA MARIA/AZENHA/ELEIÃÃES";"3448-2";"O"
128208;"SANTA MARIA/AZENHA/ELEIÃÃES";"3448-1";"O"
128207;"ALIM. DORIVAL C. MACHADO/PARQUE LAVOURA";"A16-1";"O"
128206;"SANTA MARIA/CLEMENTE PEREIRA";"3441-1";"O"
128205;"SANTA MARIA";"344-2";"O"
128204;"SANTA MARIA";"344-1";"O"
128203;"JARDIM BOTANICO";"340-2";"O"
128202;"JARDIM BOTANICO";"340-1";"O"
128201;"RINCAO/VIA OSCAR PEREIRA";"289-2";"O"
128200;"RINCAO/VIA OSCAR PEREIRA";"289-1";"O"
128199;"IPANEMA / MORRO ALTO";"288-2";"O"
128198;"IPANEMA / MORRO ALTO";"288-1";"O"
128197;"NONOAI/ERECHIM/COSTA LIMA";"2851-2";"O"
128196;"NONOAI/ERECHIM/COSTA LIMA";"2851-1";"O"
128195;"NONOAI";"285-2";"O"
128194;"NONOAI";"285-1";"O"
128193;"AMAPA";"271-2";"O"
128192;"AMAPA";"271-1";"O"
128191;"GRUTINHA";"270-2";"O"
128190;"GRUTINHA";"270-1";"O"
128189;"VILA NOVA (JOAO SALOMONI)";"2661-1";"O"
128188;"VILA NOVA";"266-2";"O"
128187;"VILA NOVA";"266-1";"O"
128186;"ALAGAMENTO TRENSURB 4/CONORTE";"LE4-1";"O"
128185;"ALAGAMENTO TRENSURB 4/CONORTE";"LE4-2";"O"
128184;"ORFANOTROFIO/JARDIM MEDIANEIRA";"2631-2";"O"
128183;"ORFANOTROFIO/JARDIM MEDIANEIRA";"2631-1";"O"
128182;"ORFANOTROFIO";"263-2";"O"
128181;"ORFANOTROFIO";"263-1";"O"
128180;"JARDIM V.NOVA(CASCATINHA)";"2621-2";"O"
128179;"JARDIM V.NOVA(CASCATINHA)";"2621-1";"O"
128178;"JARDIM V. NOVA";"262-2";"O"
128177;"JARDIM V. NOVA";"262-1";"O"
128176;"BELEM VELHO/J. PESSOA";"2602-2";"O"
128175;"BELEM VELHO/J. PESSOA";"2602-1";"O"
128174;"BELEM VELHO (CASCATINHA)";"2601-2";"O"
128173;"BELEM VELHO (CASCATINHA)";"2601-1";"O"
128172;"BELEM VELHO/OSCAR PEREIRA";"260-2";"O"
128171;"BELEM VELHO/OSCAR PEREIRA";"260-1";"O"
128170;"INTENDENTE AZEVEDO/AZENHA/ELEIÃÃES";"2568-1";"O"
128169;"NAZARETH/INTENDENTE/PATRIMÃNIO";"2563-2";"O"
128168;"NAZARETH/INTENDENTE/PATRIMÃNIO";"2563-1";"O"
128167;"NAZARETH/INTENDENTE";"2562-2";"O"
128166;"NAZARETH/INTENDENTE";"2562-1";"O"
128165;"NAZARETH";"2561-2";"O"
128164;"NAZARETH";"2561-1";"O"
128163;"INTENDENTE AZEVEDO";"256-2";"O"
128162;"INTENDENTE AZEVEDO";"256-1";"O"
128161;"EMBRATEL-CANUDOS-CASCATINHA";"2541-2";"O"
128160;"EMBRATEL-CANUDOS-CASCATINHA";"2541-1";"O"
128159;"EMBRATEL (CASCATINHA)";"254-2";"O"
128158;"EMBRATEL (CASCATINHA)";"254-1";"O"
128157;"RENASCENÃA/DOMINGOS";"2531-2";"O"
128156;"RENASCENÃA/DOMINGOS";"2531-1";"O"
128155;"RENASCENCA";"253-2";"O"
128154;"RENASCENCA";"253-1";"O"
128153;"ALPES";"251-2";"O"
128152;"ALPES";"251-1";"O"
128151;"1 DE MAIO";"250-2";"O"
128150;"1 DE MAIO";"250-1";"O"
128149;"CORUJAO - ASSIS BRASIL / PROTASIO";"M52-2";"O"
128148;"PADRE REUS / CORONEL MASSOT";"1871-1";"O"
128147;"PADRE REUS";"187-2";"O"
128146;"PADRE REUS";"187-1";"O"
128145;"JARDIM DAS PALMEIRAS";"170-1";"O"
128144;"COHAB";"165-2";"O"
128143;"COHAB";"165-1";"O"
128142;"ICARAI(ALTO TAQUARI)";"1491-2";"O"
128141;"ICARAI(ALTO TAQUARI)";"1491-1";"O"
128140;"ICARAI";"149-2";"O"
128139;"ICARAI";"149-1";"O"
128138;"AV DO FORTE/ITÃ COINMA/ESCOLAR";"6502-1";"O"
128137;"PASSO DAS PEDRAS/CAIRÃ VIA SERTÃRIO";"7561-2";"O"
128136;"PASSO DAS PEDRAS/CAIRÃ VIA SERTÃRIO";"7561-1";"O"
128135;"CRISTOVAO COLOMBO";"TR61-2";"O"
128134;"CRISTOVAO COLOMBO";"TR61-1";"O"
128133;"NILO/PRAIA DE BELAS";"T7-2";"O"
128132;"NILO/PRAIA DE BELAS";"T7-1";"O"
128131;"TRANSVERSAL 5/DOMINGOS";"T52-2";"O"
128130;"TRANSVERSAL 5/DOMINGOS";"T52-1";"O"
128129;"TRANSVERSAL 5/SABADOS/FERIADOS";"T51-2";"O"
128128;"TRANSVERSAL 5/SABADOS/FERIADOS";"T51-1";"O"
128127;"TRANSVERSAL 5";"T5-2";"O"
128126;"TRANSVERSAL 5";"T5-1";"O"
128125;"TRANSVERSAL 4";"T4-1";"O"
128124;"TRANSVERSAL 4";"T4-2";"O"
128123;"TRANSVERSAL 3/NAVEGANTES";"T39-2";"O"
128122;"TRANSVERSAL 3/NAVEGANTES";"T39-1";"O"
128121;"TRANSVERSAL 3";"T3-2";"O"
128120;"TRANSVERSAL 3";"T3-1";"O"
128119;"TRANSVERSAL 2/VIA P.AZURENHA/POSTÃO/NAVEGANTES";"T2A9-2";"O"
128118;"TRANSVERSAL 2/VIA P.AZURENHA/POSTÃO/NAVEGANTES";"T2A9-1";"O"
128117;"TRANSVERSAL 2/A. J. RENNER";"T2A1-2";"O"
128116;"TRANSVERSAL 2/A. J. RENNER";"T2A1-1";"O"
128115;"TRANSVERSAL 2 (VIA PAULINO AZURENHA / POSTAO)";"T2A-2";"O"
128114;"TRANSVERSAL 2 (VIA PAULINO AZURENHA / POSTAO)";"T2A-1";"O"
128113;"TRANSVERSAL 2/NAVEGANTES";"T29-2";"O"
128112;"TRANSVERSAL 2/NAVEGANTES";"T29-1";"O"
128111;"TRANSVERSAL 2";"T2-2";"O"
128110;"TRANSVERSAL 2";"T2-1";"O"
128109;"T1 DIRETA";"T1D-2";"O"
128108;"T1 DIRETA";"T1D-1";"O"
128107;"3Âª PERIMETRAL";"T11-2";"O"
128106;"3Âª PERIMETRAL";"T11-1";"O"
128105;"TRANSVERSAL 1";"T1-2";"O"
128104;"TRANSVERSAL 1";"T1-1";"O"
128103;"CORUJAO - ASSIS BRASIL / PROTASIO";"M52-1";"O"
128102;"EVENTUAL FAPA CONCURSOS";"E56-2";"O"
128101;"EVENTUAL FAPA CONCURSOS";"E56-1";"O"
128100;"EVENTUAL PARQUE CONDOR";"E32-2";"O"
128099;"EVENTUAL PARQUE CONDOR";"E32-1";"O"
128098;"ILHA DA PINTADA/DIRETA";"D18-2";"O"
128097;"ILHA DA PINTADA/DIRETA";"D18-1";"O"
128096;"CIRCULAR ZONA SUL";"C80-1";"O"
128095;"PASSO DAS PEDRAS / AEROPORTO";"B56-1";"O"
128094;"AEROPORTO/IGUATEMI/ANCHIETA";"B091-1";"O"
128093;"AEROPORTO/IGUATEMI";"B09-1";"O"
128092;"JARDIM FLORESTA/OBIRICI";"B05-1";"O"
128091;"PASSO DAS PEDRAS / SERTORIO";"756-2";"O"
128090;"PASSO DAS PEDRAS / SERTORIO";"756-1";"O"
128089;"ILHA DA PINTADA";"718-2";"O"
128088;"ILHA DA PINTADA";"718-1";"O"
128087;"SARANDI / SERTORIO";"715-2";"O"
128086;"SARANDI / SERTORIO";"715-1";"O"
128085;"INDUSTRIAS";"705-1";"O"
128084;"HUMAITA/A.J.RENNER/DONA TEODORA";"7041-2";"O"
128083;"HUMAITA/A.J.RENNER/DONA TEODORA";"7041-1";"O"
128082;"HUMAITA";"704-2";"O"
128081;"HUMAITA";"704-1";"O"
128080;"VILA FARRAPOS";"703-2";"O"
128079;"VILA FARRAPOS";"703-1";"O"
128078;"BAIRRO ANCHIETA";"702-1";"O"
128077;"VILA FARRAPOS/VOLUNTARIOS";"701-2";"O"
128076;"VILA FARRAPOS/VOLUNTARIOS";"701-1";"O"
128075;"FESTA DOS NAVEGANTES";"690-2";"O"
128074;"FESTA DOS NAVEGANTES";"690-1";"O"
128073;"PLANALTO/SABARA VIA JARDIM EUROPA";"6651-2";"O"
128072;"PLANALTO/SABARA VIA JARDIM EUROPA";"6651-1";"O"
128071;"PLANALTO/SABARÃ";"665-2";"O"
128070;"PLANALTO/SABARÃ";"665-1";"O"
128069;"PASSO DAS PEDRAS / FAPA";"656-2";"O"
128068;"PASSO DAS PEDRAS / FAPA";"656-1";"O"
128067;"EDUCANDARIO PETROPOLIS";"654-2";"O"
128066;"EDUCANDARIO PETROPOLIS";"654-1";"O"
128065;"ITU COINMA/AV FORTE/ESCOLAR";"6531-1";"O"
128064;"ITU COINMA/AV DO FORTE";"653-1";"O"
128063;"HOSPITAL";"652-2";"O"
128062;"HOSPITAL";"652-1";"O"
128061;"AV.DO FORTE/ITU COINMA";"650-1";"O"
128060;"CHÃCARA DAS PEDRAS/ARARUAMA";"6371-2";"O"
128059;"CHÃCARA DAS PEDRAS/ARARUAMA";"6371-1";"O"
128058;"CHACARA DAS PEDRAS";"637-2";"O"
128057;"CHACARA DAS PEDRAS";"637-1";"O"
128056;"IGUATEMI / V. JARDIM";"620-2";"O"
128055;"IGUATEMI / V. JARDIM";"620-1";"O"
128054;"IGUATEMI";"617-1";"O"
128053;"IGUATEMI II";"6172-2";"O"
128052;"SARANDI";"615-2";"O"
128051;"SARANDI";"615-1";"O"
128050;"LEAO";"614-2";"O"
128049;"LEAO";"614-1";"O"
128048;"ELISABETH";"613-2";"O"
128047;"ELISABETH";"613-1";"O"
128046;"LINDOIA";"611-2";"O"
128045;"LINDOIA";"611-1";"O"
128044;"MINUANO";"610-2";"O"
128043;"MINUANO";"610-1";"O"
128042;"IAPI";"608-2";"O"
128041;"IAPI";"608-1";"O"
128040;"JARDIM SAO PEDRO";"605-1";"O"
128039;"TRIÃNGULO/24 DE OUTUBRO/PUC";"5201-1";"O"
128038;"TRIANGULO/24 DE OUTUBRO";"520-1";"O"
128037;"PEREIRA PASSOS VIA HOSPITAL DA BRIGADA MILITAR";"2822-2";"O"
128036;"PEREIRA PASSOS";"2821-2";"O"
128035;"PEREIRA PASSOS";"2821-1";"O"
128034;"CRUZEIRO DO SUL";"282-2";"O"
128033;"CRUZEIRO DO SUL";"282-1";"O"
128032;"OTTO/HPS/3Âª PERIMETRAL";"2802-2";"O"
128031;"OTTO/HPS/3Âª PERIMETRAL";"2802-1";"O"
128030;"OTTO/HPS/SABADOS/DOMINGOS/FERIADOS";"2801-2";"O"
128029;"OTTO/HPS/SABADOS/DOMINGOS/FERIADOS";"2801-1";"O"
128028;"OTTO/HPS";"280-2";"O"
128027;"OTTO/HPS";"280-1";"O"
128026;"ASSUNCAO";"188-2";"O"
128025;"ASSUNCAO";"188-1";"O"
128024;"LIBERAL";"186-2";"O"
128023;"LIBERAL";"186-1";"O"
128022;"DIARIO";"180-2";"O"
128021;"DIARIO";"180-1";"O"
128020;"SERRARIA / OSWALDO CRUZ";"1792-1";"O"
128019;"CAMAQUA";"173-2";"O"
128018;"CAMAQUA";"173-1";"O"
128017;"ALIMENTADORA RESTINGA NOVA 09";"A09-1";"O"
128016;"ALIMENTADORA CHÃCARA DO BANCO/NOITE";"A18-2";"O"
128015;"ALIMENTADORA RESTINGA VELHA";"A17-1";"O"
128014;"ALIMENTADORA CHACARA DO BANCO";"A11-2";"O"
128013;"ALIMENTADORA CHACARA DO BANCO";"A11-1";"O"
128012;"ESCOLAR/GEDEON LEITE";"A876-2";"O"
128011;"ESCOLAR/GEDEON LEITE";"A876-1";"O"
128010;"ALIMENTADORA GEDEON LEITE";"A873-2";"O"
128009;"ALIMENTADORA GEDEON LEITE";"A873-1";"O"
128008;"ALIMENTADORA RESTINGA NOVA 10";"A10-1";"O"
128007;"ESCOLAR CHAPEU DO SOL";"A73-1";"O"
128006;"PONTA GROSSA/ESCOLA LOUREIRO DA SILVA";"1715-2";"O"
128005;"PONTA GROSSA/ESCOLA LOUREIRO DA SILVA";"1715-1";"O"
128004;"RÃPIDA CAMPO NOVO";"R81-1";"O"
128003;"ALIMENTADORA CAMPO NOVO/CAVALHADA";"A81-1";"O"
128002;"RESTINGA NOVA VIA TRISTEZA/BARRA SHOPPING";"1102-2";"O"
128001;"RESTINGA NOVA VIA TRISTEZA/BARRA SHOPPING";"1102-1";"O"
128000;"EVENTUAL BARRA SHOPPING";"E110-2";"O"
127999;"EVENTUAL BARRA SHOPPING";"E110-1";"O"
127998;"RÃPIDA HÃPICA";"R9-2";"O"
127997;"RESTINGA NOVA VIA VELHA/5 UNID/NOTURNA";"M10-2";"O"
127996;"NOTURNA (PINHEIRO)";"M98-2";"O"
127995;"MADRUGADAO SERRARIA/PONTA GROSSA";"M79-2";"O"
127994;"ALIMENTADORA HERDEIROS/ESMERALDA/INTEGRAÃÃO";"A376-1";"O"
127993;"HERDEIROS/ESMERALDA/ANTÃNIO DE CARVALHO";"3762-1";"O"
127992;"FUTEBOL ARENA";"F04-2";"O"
127991;"CAMPUS/FARRAPOS/NAVEGANTES";"T89-2";"O"
127990;"CAMPUS/FARRAPOS/NAVEGANTES";"T89-1";"O"
127989;"CAMPUS / FARRAPOS";"T8-2";"O"
127988;"CAMPUS / FARRAPOS";"T8-1";"O"
127987;"TRANSVERSAL 6 VIA WOLFRAM METZLER/EVENTO";"T62A-2";"O"
127986;"TRANSVERSAL 6 VIA WOLFRAM METZLER";"T62-2";"O"
127985;"TRANSVERSAL 6/EVENTO(N/S)";"T61A-1";"O"
127984;"TRANSVERSAL 6 (CARNAVAL)";"T61-2";"O"
127983;"TRANSVERSAL 6 (CARNAVAL)";"T61-1";"O"
127982;"TRANSVERSAL 6";"T6-2";"O"
127981;"TRANSVERSAL 6";"T6-1";"O"
127980;"ALIMENTADORA AGRONOMIA/INTEGRAÃÃO";"A375-1";"O"
127979;"TRIANGULO/ANTONIO DE CARVALHO";"T10-2";"O"
127978;"TRIANGULO/ANTONIO DE CARVALHO";"T10-1";"O"
127977;"RÃPIDA JUCA BATISTA";"R84-2";"O"
127976;"RÃPIDA JUCA BATISTA";"R84-1";"O"
127975;"RAPIDA BELEM NOVO(VIA CAVALHADA)";"R68-2";"O"
127974;"RAPIDA BELEM NOVO(VIA CAVALHADA)";"R68-1";"O"
127973;"RÃPIDA LAMI VIA BELÃM NOVO";"R67-2";"O"
127972;"RÃPIDA LAMI VIA BELÃM NOVO";"R67-1";"O"
127971;"RAPIDA RUBEM BERTA";"R62-2";"O"
127970;"RAPIDA RUBEM BERTA";"R62-1";"O"
127969;"RAPIDA PONTA GROSSA";"R5-2";"O"
127968;"RAPIDA PONTA GROSSA";"R5-1";"O"
127967;"RAPIDA - PROTASIO";"R41-2";"O"
127966;"RAPIDA - PROTASIO";"R41-1";"O"
127965;"RAPIDA - RESTINGA VELHA";"R4-2";"O"
127964;"RAPIDA - RESTINGA VELHA";"R4-1";"O"
127963;"RAPIDA - BONSUCESSO/PARADA 13";"R321-2";"O"
127962;"RAPIDA - BONSUCESSO/PARADA 13";"R321-1";"O"
127961;"RAPIDA - BONSUCESSO";"R32-2";"O"
127960;"RAPIDA - BONSUCESSO";"R32-1";"O"
127959;"RAPIDA - BENTO";"R31-2";"O"
127958;"RAPIDA - BENTO";"R31-1";"O"
127957;"RAPIDA/NUCLEO ESPERANCA";"R3-2";"O"
127956;"RAPIDA/NUCLEO ESPERANCA";"R3-1";"O"
127955;"RAPIDA RESTINGA NOVA/GLORIA";"R16-2";"O"
127954;"RAPIDA RESTINGA NOVA/GLORIA";"R16-1";"O"
127953;"RÃPIDA RESTINGA NOVA/CAVALHADA/DOMINGOS";"R101-2";"O"
127952;"RÃPIDA RESTINGA NOVA/CAVALHADA/DOMINGOS";"R101-1";"O"
127951;"RAPIDA RESTINGA NOVA/CAVALHADA";"R10-2";"O"
127950;"RAPIDA RESTINGA NOVA/CAVALHADA";"R10-1";"O"
127949;"NOTURNA (PINHEIRO)";"M98-1";"O"
127948;"MADRUGADAO SERRARIA/PONTA GROSSA";"M79-1";"O"
127947;"NOTURNA (BELEM NOVO)";"M68-1";"O"
127946;"CORUJAO ASSIS BRASIL/BALTAZAR";"M31-2";"O"
127945;"CORUJAO ASSIS BRASIL/BALTAZAR";"M31-1";"O"
127944;"CORUJAO BALTAZAR/ASSIS BRASIL";"M21-2";"O"
127943;"CORUJAO BALTAZAR/ASSIS BRASIL";"M21-1";"O"
127942;"RESTINGA NOVA VIA VELHA/5 UNID/NOTURNA";"M10-1";"O"
127941;"CENTRO/EVENTO(VIA SERTORIO)";"E33-2";"O"
127940;"CENTRO/EVENTO(VIA SERTORIO)";"E33-1";"O"
127939;"FIERGS/ASSIS BRASIL";"E30-2";"O"
127938;"FIERGS/ASSIS BRASIL";"E30-1";"O"
127937;"FIERGS/DIRETA";"E29-2";"O"
127936;"FIERGS/DIRETA";"E29-1";"O"
127935;"AGOSTINHO/MAIAS/RADIO FARROUPILHA";"E16-2";"O"
127934;"AGOSTINHO/MAIAS/RADIO FARROUPILHA";"E16-1";"O"
127933;"LEOPOLDINA/R.BERTA/EVENTO RADIO FARROUPILHA";"E13-2";"O"
127932;"LEOPOLDINA/R.BERTA/EVENTO RADIO FARROUPILHA";"E13-1";"O"
127931;"LOMBA/EVENTO RADIO FARROUPILHA";"E12-2";"O"
127930;"LOMBA/EVENTO RADIO FARROUPILHA";"E12-1";"O"
127929;"RESTINGA/CARNAVAL(LOMBA)";"E101-2";"O"
127928;"RESTINGA/CARNAVAL(LOMBA)";"E101-1";"O"
127927;"RESTINGA/CARNAVAL(VIA LOMBA)";"E10-2";"O"
127926;"RESTINGA/CARNAVAL(VIA LOMBA)";"E10-1";"O"
127925;"DIRETAO/VIA NENE PORTALET";"D731-2";"O"
127924;"DIRETAO/VIA NENE PORTALET";"D731-1";"O"
127923;"DIRETAO/VIA FERNANDO FERRARI";"D73-2";"O"
127922;"DIRETAO/VIA FERNANDO FERRARI";"D73-1";"O"
127921;"DIRETAO/VIA STA. ROSA";"D72-2";"O"
127920;"DIRETAO/VIA STA. ROSA";"D72-1";"O"
127919;"DIRETAO/SANTA ROSA";"D70-2";"O"
127918;"DIRETAO/SANTA ROSA";"D70-1";"O"
127917;"LAMI VIA BELEM NOVO/DIRETA";"D67-2";"O"
127916;"LAMI VIA BELEM NOVO/DIRETA";"D67-1";"O"
127915;"UNIVERSITARIA-DIRETA";"D43-2";"O"
127914;"UNIVERSITARIA-DIRETA";"D43-1";"O"
127913;"DIRETAO/ELISABETH";"D13-2";"O"
127912;"DIRETAO/ELISABETH";"D13-1";"O"
127911;"CIRCULAR LOMBA/QUINTA DO PORTAL";"C981-1";"O"
127910;"CIRCULAR LOMBA DO PINHEIRO";"C98-1";"O"
127909;"PROTASIO/HUMAITA/NAVEGANTES";"B559-1";"O"
127908;"PROTASIO/HUMAITA";"B55-1";"O"
127907;"ALIMENTADORA ESCOLAR LAMI/B NOVO";"A691-2";"O"
127906;"ALIMENTADORA ESCOLAR LAMI/B NOVO";"A691-1";"O"
127905;"A. FEIJO/HUMAITA/NAVEGANTES";"B259-1";"O"
127904;"A. FEIJO/JOAO PARIS/HUMAITA";"B252-1";"O"
127903;"A. FEIJO/HUMAITA/JOAO PARIS";"B251-1";"O"
127902;"A. FEIJO / HUMAITA";"B25-1";"O"
127901;"FAPA/AEROPORTO/LEOPOLDINA";"B022-2";"O"
127900;"LEOPOLDINA/AEROPORTO/FAPA";"B021-1";"O"
127899;"LEOPOLDINA / AEROPORTO";"B02-1";"O"
127898;"RUBEM BERTA/FIERGS";"B011-1";"O"
127897;"UNIVERSITARIA/FAPA";"B01-2";"O"
127896;"UNIVERSITARIA/FAPA";"B01-1";"O"
127895;"QUIRINAS/P.BATALHA/CIRC./ESCOLAR/SABADO";"A993-1";"O"
127894;"QUIRINAS/PASSO DA BATALHA (CIRCULAR ALIMENTADORA)";"A991-1";"O"
127893;"PASSO DA BATALHA (CIRCULAR / ALIMENTADORA)";"A99-1";"O"
127892;"PARADA 21 ESCOLAR/ALIMENTADORA";"A981-2";"O"
127891;"PARADA 21 ESCOLAR/ALIMENTADORA";"A981-1";"O"
127890;"PARADA 21 / ALIMENTADORA";"A98-2";"O"
127889;"PARADA 21 / ALIMENTADORA";"A98-1";"O"
127888;"PASSO DA TAQUARA/ALIMENTADORA ESCOLAR";"A96-2";"O"
127887;"PASSO DA TAQUARA/ALIMENTADORA ESCOLAR";"A96-1";"O"
127886;"PASSO DA BATALHA/ALIMENTADORA/ESCOLAR";"A951-2";"O"
127885;"PASSO DA BATALHA/ALIMENTADORA/ESCOLAR";"A951-1";"O"
127884;"COSTA E SILVA/SAMBÃDROMO";"6332-1";"O"
127883;"ALIMENTADORA ESCOLAR ANA IRIS";"A93-2";"O"
127882;"ALIMENTADORA ESCOLAR ANA IRIS";"A93-1";"O"
127881;"ALIMENTADORA RUA DO SCHNEIDER";"A875-2";"O"
127880;"ALIMENTADORA RUA DO SCHNEIDER";"A875-1";"O"
127879;"ALIMENTADORA RUA SCHNEIDER/BELÃM VELHO";"A874-2";"O"
127878;"ALIMENTADORA RUA SCHNEIDER/BELÃM VELHO";"A874-1";"O"
127877;"ALIMENTADORA HÃPICA/COSTA GAMA";"A872-2";"O"
127876;"ALIMENTADORA HÃPICA/COSTA GAMA";"A872-1";"O"
127875;"ALIM.MORADAS DA HIPICA VIA GEDEON LEITE";"A871-2";"O"
127874;"ALIM.MORADAS DA HIPICA VIA GEDEON LEITE";"A871-1";"O"
127873;"ALIMENT. MORADAS DA HIPICA/COSTA GAMA";"A87-2";"O"
127872;"ALIMENT. MORADAS DA HIPICA/COSTA GAMA";"A87-1";"O"
127871;"ALIMENTADORA BELÃM VELHO/UFRGS";"A862-1";"O"
127870;"ALIMENTADORA LAMI/BELEM NOVO";"A69-2";"O"
127869;"ALIMENTADORA LAMI/BELEM NOVO";"A69-1";"O"
127868;"LAMI ATE TERMINAL SAPOLANDIA";"A68-2";"O"
127867;"ESCOLAR LAMI II";"A671-2";"O"
127866;"ESCOLAR LAMI II";"A671-1";"O"
127865;"ESCOLAR LAMI";"A67-2";"O"
127864;"ESCOLAR LAMI";"A67-1";"O"
127863;"ALIMENTADORA RESTINGA/LOMBA/5UNIDADE";"A141-2";"O"
127862;"ALIMENTADORA RESTINGA/LOMBA/5UNIDADE";"A141-1";"O"
127861;"ALIMENTADORA LOMBA/RESTINGA/5 UNIDADE";"A14-2";"O"
127860;"ALIMENTADORA LOMBA/RESTINGA/5 UNIDADE";"A14-1";"O"
127859;"SAO CAETANO (ALIMENTADORA)";"A13-2";"O"
127858;"SAO CAETANO (ALIMENTADORA)";"A13-1";"O"
127857;"RUBEM BERTA (CAIRU)";"862-2";"O"
127856;"RUBEM BERTA (CAIRU)";"862-1";"O"
127855;"LEOPOLDINA/CAIRU/NOITE";"8612-2";"O"
127854;"LEOPOLDINA / CAIRU";"861-2";"O"
127853;"LEOPOLDINA / CAIRU";"861-1";"O"
127852;"PARQUE DOS MAIAS / CAIRU";"831-2";"O"
127851;"PARQUE DOS MAIAS / CAIRU";"831-1";"O"
127850;"AGOSTINHO / CAIRU";"827-2";"O"
127849;"AGOSTINHO / CAIRU";"827-1";"O"
127848;"NOVA GLEBA-SANTA ROSA/CAIRU";"821-2";"O"
127847;"NOVA GLEBA-SANTA ROSA/CAIRU";"821-1";"O"
127846;"RUBEM BERTA (SERTORIO)";"762-2";"O"
127845;"RUBEM BERTA (SERTORIO)";"762-1";"O"
127844;"LEOPOLDINA/SERTORIO/NOITE";"7612-2";"O"
127843;"LEOPOLDINA/SERTORIO (CHACARA DA FUMACA)";"7611-2";"O"
127842;"LEOPOLDINA/SERTORIO (CHACARA DA FUMACA)";"7611-1";"O"
127841;"LEOPOLDINA/SERTORIO";"761-2";"O"
127840;"LEOPOLDINA/SERTORIO";"761-1";"O"
127839;"PARQUE DOS MAIAS / SERTÃRIO / TRENSURB";"7315-2";"O"
127838;"PARQUE DOS MAIAS/CAIRÃ VIA SERTÃRIO";"7311-2";"O"
127837;"PARQUE DOS MAIAS/CAIRÃ VIA SERTÃRIO";"7311-1";"O"
127836;"PARQUE DOS MAIAS / SERTORIO";"731-2";"O"
127835;"PARQUE DOS MAIAS / SERTORIO";"731-1";"O"
127834;"AGOSTINHO/CAIRÃ VIA SERTÃRIO";"7271-2";"O"
127833;"AGOSTINHO/CAIRÃ VIA SERTÃRIO";"7271-1";"O"
127832;"AGOSTINHO/SERTORIO";"727-2";"O"
127831;"AGOSTINHO/SERTORIO";"727-1";"O"
127830;"NOVA GLEBA-SANTA ROSA/SERTORIO";"721-2";"O"
127829;"NOVA GLEBA-SANTA ROSA/SERTORIO";"721-1";"O"
127828;"RUBEM BERTA/NAVEGANTES";"6629-2";"O"
127827;"RUBEM BERTA/NAVEGANTES";"6629-1";"O"
127826;"RUBEM BERTA/TRENSURB";"6625-2";"O"
127825;"RUBEM BERTA";"662-2";"O"
127824;"RUBEM BERTA";"662-1";"O"
127823;"LEOPOLDINA/NAVEGANTES";"6619-2";"O"
127822;"LEOPOLDINA/NAVEGANTES";"6619-1";"O"
127821;"LEOPOLDINA/NOITE";"6612-2";"O"
127820;"LEOPOLDINA (CHACARA DA FUMACA)";"6611-2";"O"
127819;"LEOPOLDINA (CHACARA DA FUMACA)";"6611-1";"O"
127818;"LEOPOLDINA";"661-2";"O"
127817;"LEOPOLDINA";"661-1";"O"
127816;"INGA";"659-2";"O"
127815;"INGA";"659-1";"O"
127814;"COSTA E SILVA (ESCOLAR)";"6331-1";"O"
127813;"COSTA E SILVA";"633-2";"O"
127812;"COSTA E SILVA";"633-1";"O"
127811;"NOSSA SENHORA DE FÃTIMA/NOTURNA";"6321-2";"O"
127810;"NOSSA SENHORA DE FATIMA";"632-2";"O"
127809;"NOSSA SENHORA DE FATIMA";"632-1";"O"
127808;"PARQUE DOS MAIAS/TRENSURB";"6315-2";"O"
127807;"PARQUE DOS MAIAS";"631-2";"O"
127806;"PARQUE DOS MAIAS";"631-1";"O"
127805;"AGOSTINHO/NAVEGANTES";"6279-2";"O"
127804;"AGOSTINHO/NAVEGANTES";"6279-1";"O"
127803;"AGOSTINHO";"627-2";"O"
127802;"AGOSTINHO";"627-1";"O"
127801;"SAO BORJA";"624-2";"O"
127800;"SAO BORJA";"624-1";"O"
127799;"NOVA GLEBA/SANTA ROSA/NAVEGANTES";"6219-2";"O"
127798;"NOVA GLEBA/SANTA ROSA/NAVEGANTES";"6219-1";"O"
127797;"NOVA GLEBA/SANTA ROSA";"621-2";"O"
127796;"NOVA GLEBA/SANTA ROSA";"621-1";"O"
127795;"IGUATEMI/PARQUE DOS MAIAS";"6204-2";"O"
127794;"IGUATEMI / ELIZABETH";"6201-2";"O"
127793;"RÃPIDA HÃPICA";"R9-1";"O"
127792;"MARIO QUINTANA/CARLOS GOMES/ELEIÃÃES";"4978-2";"O"
127791;"MARIO QUINTANA/CARLOS GOMES/ELEIÃÃES";"4978-1";"O"
127790;"MARIO QUINTANA/SAFIRA";"4971-2";"O"
127789;"MARIO QUINTANA/SAFIRA";"4971-1";"O"
127788;"MARIO QUINTANA";"497-2";"O"
127787;"MARIO QUINTANA";"497-1";"O"
127786;"JARDIM PROTASIO ALVES";"496-2";"O"
127785;"JARDIM PROTASIO ALVES";"496-1";"O"
127784;"MANOEL ELIAS/PROTÃSIO VIA TERÃZIO MEIRELES";"4952-2";"O"
127783;"MANOEL ELIAS/PROTÃSIO VIA TERÃZIO MEIRELES";"4952-1";"O"
127782;"RUBEM BERTA/PROTÃSIO/CIRCULAR NO BAIRRO";"4943-2";"O"
127781;"BATISTA FLORES / RUBEM BERTA";"4942-2";"O"
127780;"BATISTA FLORES";"4941-2";"O"
127779;"BATISTA FLORES";"4941-1";"O"
127778;"RUBEM BERTA / PROTASIO";"494-2";"O"
127777;"RUBEM BERTA / PROTASIO";"494-1";"O"
127776;"PASSO DORNELES/CARLOS GOMES/ELEIÃÃES";"4918-2";"O"
127775;"PASSO DORNELES/CARLOS GOMES/ELEIÃÃES";"4918-1";"O"
127774;"PASSO DORNELES / VILA SAFIRA";"491-2";"O"
127773;"PASSO DORNELES / VILA SAFIRA";"491-1";"O"
127772;"PINHEIRO/A.CARVALHO/ELEIÃÃES";"3988-2";"O"
127771;"PINHEIRO/A.CARVALHO/ELEIÃÃES";"3988-1";"O"
127770;"PINHEIRO/LAMI-VERAO";"3987-2";"O"
127769;"PINHEIRO/LAMI-VERAO";"3987-1";"O"
127768;"VIÃOSA(PINHEIRO)";"3986-2";"O"
127767;"VIÃOSA(PINHEIRO)";"3986-1";"O"
127766;"PINHEIRO/PITINGA VIA VIÃOSA";"3985-2";"O"
127765;"PINHEIRO/PITINGA VIA VIÃOSA";"3985-1";"O"
127764;"PINHEIRO VIA VICOSA";"3984-2";"O"
127763;"PINHEIRO VIA VICOSA";"3984-1";"O"
127762;"PINHEIRO / VIA IPIRANGA";"3983-2";"O"
127761;"PINHEIRO / VIA IPIRANGA";"3983-1";"O"
127760;"PINHEIRO / ATE TERMINAL AZENHA";"3982-2";"O"
127759;"PINHEIRO / ATE TERMINAL AZENHA";"3982-1";"O"
127758;"PINHEIRO/ PARADA 24 VIA VIÃOSA";"3981-2";"O"
127757;"PINHEIRO/ PARADA 24 VIA VIÃOSA";"3981-1";"O"
127756;"PINHEIRO";"398-2";"O"
127755;"PINHEIRO";"398-1";"O"
127754;"BONSUCESSO/A.CARVALHO/ELEIÃÃES";"3978-2";"O"
127753;"BONSUCESSO/A.CARVALHO/ELEIÃÃES";"3978-1";"O"
127752;"BONSUCESSO/SANTA HELENA";"3974-2";"O"
127751;"BONSUCESSO/SANTA HELENA";"3974-1";"O"
127750;"BONSUCESSO / VIA IPIRANGA";"3973-2";"O"
127749;"BONSUCESSO / VIA IPIRANGA";"3973-1";"O"
127748;"BONSUCESSO / ATE TERMINAL AZENHA";"3972-2";"O"
127747;"BONSUCESSO / ATE TERMINAL AZENHA";"3972-1";"O"
127746;"BONSUCESSO";"397-2";"O"
127745;"BONSUCESSO";"397-1";"O"
127744;"HERDEIROS/A.CARVALHO/ELEIÃÃES";"3768-2";"O"
127743;"HERDEIROS/A.CARVALHO/ELEIÃÃES";"3768-1";"O"
127742;"HERDEIROS/ESMERALDA";"376-2";"O"
127741;"HERDEIROS/ESMERALDA";"376-1";"O"
127740;"AGRONOMIA/A.CARVALHO/ELEIÃÃES";"3758-2";"O"
127739;"AGRONOMIA/A.CARVALHO/ELEIÃÃES";"3758-1";"O"
127738;"AGRONOMIA";"3751-2";"O"
127737;"AGRONOMIA";"3751-1";"O"
127736;"AGRONOMIA/INFORMÃTICA";"375-2";"O"
127735;"AGRONOMIA/INFORMÃTICA";"375-1";"O"
127734;"CAMPUS / IPIRANGA";"343-2";"O"
127733;"CAMPUS / IPIRANGA";"343-1";"O"
127732;"PITINGA/PUC/III PERIMETRAL";"3144-1";"O"
127731;"RESTINGA/PUC/III PERIMETRAL";"3143-2";"O"
127730;"RESTINGA/PUC/III PERIMETRAL";"3143-1";"O"
127729;"PUC/RESTINGA/III PERIMETRAL";"3142-2";"O"
127728;"PUC/RESTINGA/III PERIMETRAL";"3142-1";"O"
127727;"RESTINGA PUC";"3141-2";"O"
127726;"RESTINGA PUC";"3141-1";"O"
127725;"PUC RESTINGA";"314-2";"O"
127724;"PUC RESTINGA";"314-1";"O"
127723;"BELÃM VELHO/CRISTAL/UFRGS";"2861-2";"O"
127722;"BELÃM VELHO/CRISTAL/UFRGS";"2861-1";"O"
127721;"BELEM VELHO/CRISTAL/UFRGS";"286-2";"O"
127720;"BELEM VELHO/CRISTAL/UFRGS";"286-1";"O"
127719;"IPANEMA/CAVALHADA/CIRINO PRUNES";"2832-2";"O"
127718;"IPANEMA/CAVALHADA/CIRINO PRUNES";"2832-1";"O"
127717;"IPANEMA / CAVALHADA";"283-2";"O"
127716;"IPANEMA / CAVALHADA";"283-1";"O"
127715;"CAMPO NOVO/GEDEON LEITE/DOMINGOS";"2816-2";"O"
127714;"CAMPO NOVO/GEDEON LEITE/DOMINGOS";"2816-1";"O"
127713;"CAMPO NOVO VIA JORGE PEREIRA NUNES";"2815-2";"O"
127712;"CAMPO NOVO/DOMINGOS";"2814-2";"O"
127711;"CAMPO NOVO/DOMINGOS";"2814-1";"O"
127710;"CAMPO NOVO/MORRO AGUDO/DOMINGOS";"2813-2";"O"
127709;"CAMPO NOVO/MORRO AGUDO/DOMINGOS";"2813-1";"O"
127708;"CAMPO NOVO/GEDEON LEITE";"2812-2";"O"
127707;"CAMPO NOVO/GEDEON LEITE";"2812-1";"O"
127706;"CAMPO NOVO / MORRO AGUDO";"2811-2";"O"
127705;"CAMPO NOVO / MORRO AGUDO";"2811-1";"O"
127704;"CAMPO NOVO";"281-2";"O"
127703;"CAMPO NOVO";"281-1";"O"
127702;"BELEM NOVO/HIPICA/VELUDO(VIA SCHNEIDER)";"2733-2";"O"
127701;"BELEM NOVO/HIPICA/VELUDO(VIA SCHNEIDER)";"2733-1";"O"
127700;"BELEM NOVO/HIPICA/VELUDO";"2732-2";"O"
127699;"BELEM NOVO/HIPICA/VELUDO";"2732-1";"O"
127698;"BELEM NOVO/HIPICA(VIA SCHNEIDER)";"2731-2";"O"
127697;"BELEM NOVO/HIPICA(VIA SCHNEIDER)";"2731-1";"O"
127696;"BELEM NOVO/HIPICA";"273-2";"O"
127695;"BELEM NOVO/HIPICA";"273-1";"O"
127694;"HIPICA (GEDEON LEITE)";"2723-2";"O"
127693;"HIPICA (GEDEON LEITE)";"2723-1";"O"
127692;"MORADAS DA HÃPICA VIA SCHNEIDER";"2722-2";"O"
127691;"MORADAS DA HÃPICA VIA SCHNEIDER";"2722-1";"O"
127690;"MORADAS DA HIPICA(COSTA GAMA)";"2721-2";"O"
127689;"MORADAS DA HIPICA(COSTA GAMA)";"2721-1";"O"
127688;"MORADAS DA HIPICA";"272-2";"O"
127687;"MORADAS DA HIPICA";"272-1";"O"
127686;"OPERACAO LAMI";"2694-2";"O"
127685;"OPERACAO LAMI";"2694-1";"O"
127684;"PRAIA OPERAÃAO VERANEIO";"2693-2";"O"
127683;"PRAIA OPERAÃAO VERANEIO";"2693-1";"O"
127682;"LAMI/BELEM";"269-2";"O"
127681;"LAMI/BELEM";"269-1";"O"
127680;"BELEM NOVO ATÃ OTTO";"2685-2";"O"
127679;"BELEM NOVO ATÃ OTTO";"2685-1";"O"
127678;"BELEM NOVO/CHAPEU/GEDEON";"2682-2";"O"
127677;"BELEM NOVO/CHAPEU/GEDEON";"2682-1";"O"
127676;"BELÃM NOVO/CHAPÃU DO SOL";"2681-2";"O"
127675;"BELÃM NOVO/CHAPÃU DO SOL";"2681-1";"O"
127674;"BELEM NOVO(VIA CAVALHADA)";"268-2";"O"
127673;"BELEM NOVO(VIA CAVALHADA)";"268-1";"O"
127672;"LAMI ATÃ CAVALHADA";"2675-2";"O"
127671;"LAMI ATÃ CAVALHADA";"2675-1";"O"
127670;"LAMI VIA BECO DA VITÃRIA ATÃ PÃA GUIA LOPES";"2674-1";"O"
127669;"LAMI(VIA BECO DA VITORIA)";"2672-2";"O"
127668;"LAMI(VIA BECO DA VITORIA)";"2672-1";"O"
127667;"LAMI/VAREJAO(VIA EDGAR PIRES DE CASTRO)";"2671-2";"O"
127666;"LAMI/VAREJAO(VIA EDGAR PIRES DE CASTRO)";"2671-1";"O"
127665;"LAMI(VIA BELEM NOVO)";"267-2";"O"
127664;"LAMI(VIA BELEM NOVO)";"267-1";"O"
127663;"RESTINGA GLORIA";"216-2";"O"
127662;"RESTINGA GLORIA";"216-1";"O"
127661;"5Âª UNIDADE/ESCOLAR II";"2141-2";"O"
127660;"5Âª UNIDADE/ESCOLAR II";"2141-1";"O"
127659;"5Âª UNIDADE/ESCOLAR";"214-2";"O"
127658;"5Âª UNIDADE/ESCOLAR";"214-1";"O"
127657;"RESTINGA / LAMI";"212-2";"O"
127656;"RESTINGA / LAMI";"212-1";"O"
127655;"NOTURNA (BELEM NOVO)";"M68-2";"O"
127654;"RESTINGA VELHA";"211-2";"O"
127653;"RESTINGA VELHA";"211-1";"O"
127652;"RESTINGA NOVA/DOMINGOS E FERIADOS";"2101-2";"O"
127651;"RESTINGA NOVA";"210-2";"O"
127650;"RESTINGA NOVA";"210-1";"O"
127649;"RESTINGA";"209-2";"O"
127648;"RESTINGA";"209-1";"O"
127647;"JUCA BATISTA VIA OSWALDO CRUZ";"1841-2";"O"
127646;"JUCA BATISTA";"184-2";"O"
127645;"JUCA BATISTA";"184-1";"O"
127644;"SERRARIA";"179-2";"O"
127643;"SERRARIA";"179-1";"O"
127642;"SERRARIA/RODOVIARIA/VIA MENDES OURIQUES";"1761-2";"O"
127641;"SERRARIA/RODOVIARIA/VIA MENDES OURIQUES";"1761-1";"O"
127640;"SERRARIA (RODOVIARIA)";"176-2";"O"
127639;"SERRARIA (RODOVIARIA)";"176-1";"O"
127638;"PONTA GROSSA/ESCOLA ODILA GAY";"1714-2";"O"
127637;"PONTA GROSSA/ESCOLA ODILA GAY";"1714-1";"O"
127636;"LINHA PONTA GROSSA ATÃ OTTO";"1713-2";"O"
127635;"LINHA PONTA GROSSA ATÃ OTTO";"1713-1";"O"
127634;"PONTA GROSSA";"171-2";"O"
127633;"PONTA GROSSA";"171-1";"O"
127632;"BELEM NOVO(VIA TRISTEZA)";"168-2";"O"
127631;"BELEM NOVO(VIA TRISTEZA)";"168-1";"O"
127630;"HÃPICA/TRISTEZA";"1112-2";"O"
127629;"HÃPICA/TRISTEZA";"1112-1";"O"
127628;"RESTINGA VELHA(TRISTEZA)/SHOPPING";"1111-2";"O"
127627;"RESTINGA VELHA(TRISTEZA)/SHOPPING";"1111-1";"O"
127626;"RESTINGA VELHA (TRISTEZA)";"111-2";"O"
127625;"RESTINGA VELHA (TRISTEZA)";"111-1";"O"
127624;"RESTINGA NOVA VIA TRISTEZA/DOMINGOS E FERIADOS";"1101-2";"O"
127623;"RESTINGA NOVA VIA TRISTEZA/DOMINGOS E FERIADOS";"1101-1";"O"
127622;"RESTINGA NOVA VIA TRISTEZA";"110-2";"O"
127621;"RESTINGA NOVA VIA TRISTEZA";"110-1";"O"
128495;"GREVE T3";"GT3-1";"O"
128496;"GREVE T3";"GT3-2";"O"
128497;"GREVE T4";"GT4-1";"O"
128498;"GREVE T4";"GT4-2";"O"
128499;"GREVE T10";"GT101-1";"O"
128500;"GREVE T10";"GT101-2";"O"
128501;"GREVE AUXILIADORA";"G510-1";"O"
128502;"GREVE AUXILIADORA";"G510-2";"O"
128503;"GREVE TRANSVERSAL 4";"GT41-1";"O"
128504;"GREVE TRANSVERSAL 4";"GT41-2";"O"
128505;"GREVE T9 PUC";"GT91-1";"O"
128506;"GREVE T9 PUC";"GT91-2";"O"
128507;"GREVE T9";"GT9-1";"O"
128508;"GREVE T9";"GT9-2";"O"
128509;"GREVE CAMPUS/IPIRANGA";"G343-1";"O"
128510;"GREVE CAMPUS/IPIRANGA";"G343-2";"O"
128511;"GREVE T6";"GT6-1";"O"
128512;"GREVE T6";"GT6-2";"O"
128513;"GREVE CAMPUS/FARRAPOS";"GT8-1";"O"
128514;"GREVE CAMPUS/FARRAPOS";"GT8-2";"O"
128515;"PRADO";"264-2";"O"
128516;"TRONCAL BALTAZAR";"TR62-1";"O"
128517;"TRONCAL BALTAZAR";"TR62-2";"O"
128518;"TRONCAL TRI`NGULO";"TR60-1";"O"
128519;"TRONCAL TRI`NGULO";"TR60-2";"O"
128520;"FUTEBOL ARENA";"F04-1";"O"
128521;"SAO CAETANO(ALIMENTADORA)/B. DA VITORIA";"A131-2";"O"
